Hình ảnh 1;Thương hiệu;Tên sản phẩm;Giá
https://i.ibb.co/qdYVXbC/0019801-black-550.jpg;iPhone;iPhone 15;19890000
https://i.ibb.co/qdYVXbC/0019801-black-550.jpg;iPhone;iPhone 15 Plus;22890000
https://i.ibb.co/B35hc7s/0019566-titan-xanh-550.jpg;iPhone;iPhone 15 Pro;25450000
https://i.ibb.co/ypd5s5w/0019567-titan-xanh-550.jpg;iPhone;iPhone 15 Pro Max;29850000
https://i.ibb.co/z6XzSfp/0009401-iphone-14-256gb-550.webp;iPhone;iPhone 14;21590000
https://i.ibb.co/vDdDTxX/0009564-iphone-14-plus-256gb-550.webp;iPhone;iPhone 14 Plus;22890000
https://i.ibb.co/4Rg58z8/0008739-iphone-14-pro-128gb-550.webp;iPhone;iPhone 14 Pro;23890000
https://i.ibb.co/s6sDgCL/0008128-iphone-14-pro-max-256gb-550.webp;iPhone;iPhone 14 Pro Max;28890000
https://i.ibb.co/WBCHP7v/image.png;iPhone;iPhone 13;14490000
https://i.ibb.co/xFsr3BG/image.png;iPhone;iPhone 13 Mini;12290000
https://i.ibb.co/P6FfY5H/image.png;iPhone;iPhone 13 Pro;21990000
https://i.ibb.co/MZ6LMyZ/image.png;iPhone;iPhone 13 Pro Max;22990000
https://i.ibb.co/WKdM2XK/image.png;iPhone;iPhone 12;12100000
https://i.ibb.co/wLNdbpr/image.png;iPhone;iPhone 12 Mini;10020000
https://i.ibb.co/KNWJcp7/image.png;iPhone;iPhone 12 Pro;15300000
https://i.ibb.co/KNWJcp7/image.png;iPhone;iPhone 12 Pro Max;17400000
https://i.ibb.co/RDr3srs/image.png;iPhone;iPhone 11;9690000
https://i.ibb.co/Jrt1jmS/image.png;iPhone;iPhone11 Pro;10790000
https://i.ibb.co/Jrt1jmS/image.png;iPhone;iPhone 11 Pro Max;12390000
https://i.ibb.co/9rLCL9Z/image.png;Xiaomi;Xiaomi 14;22490000
https://i.ibb.co/Cnf2nYq/image.png;Xiaomi;Xiaomi 13T;12490000
https://i.ibb.co/BfxCXcr/image.png;Xiaomi;Xiaomi 13T Pro;14990000
https://i.ibb.co/ThyZc2X/image.png;Xiaomi;Xiaomi 12T;8900000
https://i.ibb.co/9WpgQCW/image.png;Xiaomi;Xiaomi 12T Pro;13690000
https://i.ibb.co/n0XNBnJ/image.png;Xiaomi;Redmi Note 13;4690000
https://i.ibb.co/kMmz27f/image.png;Xiaomi;Redmi Note 13 Pro;8900000
https://i.ibb.co/vqYd7tx/image.png;Xiaomi;Redmi Note 12;3790000
https://i.ibb.co/pZWH22M/image.png;Xiaomi;Redmi Note 12 Pro;7390000
https://i.ibb.co/qdyqG0r/image.png;Xiaomi;XiaoMi Poco X6;6990000
https://i.ibb.co/McV0fX7/image.png;Xiaomi;XiaoMi Poco X6 Pro;7690000
https://i.ibb.co/P6D4xQr/image.png;Xiaomi;XiaoMi Poco X5;4290000
https://i.ibb.co/Br2CjGf/image.png;Xiaomi;XiaoMi Poco X5 Pro;6550000
https://i.ibb.co/0D7X3qc/image.png;Xiaomi;Xiaomi Pocofone F1;4490000
https://i.ibb.co/Y49ZYnL/image.png;Xiaomi;Xiaomi Black Shark 5S;14600000
https://i.ibb.co/z4MK4M1/image.png;Xiaomi;Xiaomi Black Shark 5S Pro;15600000
https://i.ibb.co/B6dDFJY/2-jpg.webp;Xiaomi;Xiaomi Black Shark 4S;12000000
https://i.ibb.co/X20nF0x/image.png;Xiaomi;Xiaomi Black Shark 4S Pro;11690000
https://i.ibb.co/n6T1gQN/image.png;Xiaomi;Mi Mix Fold 3 5G;25700000
https://i.ibb.co/n6T1gQN/image.png;Xiaomi;Mi Mix Fold 3;24690000
https://i.ibb.co/F0Q4sv3/image.png;Xiaomi;Mi Mix 4;17700000
https://i.ibb.co/s3ws6T1/image.png;Xiaomi;Mi Mix Alpha;66700000
https://i.ibb.co/72RGrxT/image.png;Samsung;Galaxy S21 5G;17990000
https://i.ibb.co/hVmB0CD/image.png;Samsung;Galaxy S21 Plus 5G;25990000
https://i.ibb.co/dWq7N3f/image.png;Samsung;Galaxy Ultra 5G;30990000
https://i.ibb.co/CJCz6pV/image.png;Samsung;Galaxy S22 5G;16000000
https://i.ibb.co/CJCz6pV/image.png;Samsung;Galaxy S22 Plus 5G;17900000
https://i.ibb.co/kqwJZWN/image.png;Samsung;Galaxy S22 Ultra 5G;22700000
https://i.ibb.co/ZmR0V98/image.png;Samsung;Galaxy Note 10;19300000
https://i.ibb.co/G7sWVg5/image.png;Samsung;Galaxy Note 10 Plus;20490000
https://i.ibb.co/r5H4kHC/image.png;Samsung;Galaxy Note 10 Lite;11990000
https://i.ibb.co/94d3Vhv/image.png;Samsung;Galaxy Note 20;20000000
https://i.ibb.co/JxTS0JX/image.png;Samsung;Galaxy Note 20 Ultra;33210000
https://i.ibb.co/2KGDv2b/image.png;Samsung;Galaxy Z Fold 5;29900000
https://i.ibb.co/fXryMM4/image.png;Samsung;Galaxy Z Fold 4;22490000
https://i.ibb.co/pjNQ2sz/image.png;Samsung;Galaxy Z Fold 3;41990000
https://i.ibb.co/gRMXWJD/image.png;Samsung;Galaxy Z Flip 5;16990000
https://i.ibb.co/HT4x356/image.png;Samsung;Galaxy Z Flip 4;9990000
https://i.ibb.co/9WLnNws/image.png;Samsung;Galaxy Z Flip 3;8000000
https://i.ibb.co/7vmngyk/image.png;Samsung;Galaxy A55 5G;9690000
https://i.ibb.co/jTV4f7G/image.png;Samsung;Galaxy A54 5G;7790000
https://i.ibb.co/kc0whfj/image.png;Samsung;Galaxy A35 5G;7990000
https://i.ibb.co/2hH0sXD/image.png;Samsung;Galaxy A34 5G;5539000
https://i.ibb.co/bv7cVV4/image.png;Samsung;Galaxy M54 5G;7790000
https://i.ibb.co/RBD0DH7/image.png;Samsung;Galaxy M55 5G;14900000
https://i.ibb.co/n3QfQwR/image.png;Samsung;Galaxy F55 5G;10500000
https://i.ibb.co/DL7yVv8/image.png;Samsung;Galaxy M62;8250000
https://i.ibb.co/XD80DMP/image.png;Sony;Sony Xperia 1;3590000
https://i.ibb.co/MNVWWW2/image.png;Sony;Sony Xperia 1 Mark II;4590000
https://i.ibb.co/cYM71mv/image.png;Sony;Sony Xperia 1 Mark III;7990000
https://i.ibb.co/Tbh6680/image.png;Sony;Sony Xperia 1 Mark IV;19950000
https://i.ibb.co/c2ydQfV/image.png;Sony;Sony Xperia 1 V;23950000
https://i.ibb.co/P1ZfJ5n/image.png;Sony;Sony Xperia 5;4290000
https://i.ibb.co/WndF4Bz/image.png;Sony;Sony Xperia 5 Mark I;3190000
https://i.ibb.co/P97nqB9/image.png;Sony;Sony Xperia 5 Mark II;4190000
https://i.ibb.co/brsR3JL/image.png;Sony;Sony Xperia 5 Mark III;7890000
https://i.ibb.co/pPYKWHy/image.png;LG;LG V50 ThinQ 5G;3190000
https://i.ibb.co/nz4Jmbn/image.png;LG;LG V50S ThinQ 5G;3790000
https://i.ibb.co/RTRVTFM/image.png;LG;LG G8 ThinQ;2890000
https://i.ibb.co/nD6C7bB/image.png;LG;LG V40 ThinQ;2890000
https://i.ibb.co/JrJ321j/image.png;LG;LG Velvet 5G;3490000
https://i.ibb.co/TBHdm28/image.png;LG;LG V60 ThinQ 5G;3490000
https://i.ibb.co/VCnjp3P/image.png;Google;Google Pixel 8;13450000
https://i.ibb.co/FWJdyjp/image.png;Google;Google Pixel 8 Pro;18900000
https://i.ibb.co/xMcJ33c/image.png;Google;Google Pixel Fold;33890000
https://i.ibb.co/yhPXBZL/image.png;Google;Google Pixel 7;7490000
https://i.ibb.co/m0FGYD8/image.png;Google;Google Pixel 7A;9290000
https://i.ibb.co/fQyB0sR/image.png;Google;Google Pixel 7 Pro;7490000
https://i.ibb.co/HX9D95J/image.png;Google;Google Pixel 6;6290000
https://i.ibb.co/BCtc7QN/image.png;Google;Google Pixel 6A;5290000
https://i.ibb.co/PrGg0JT/image.png;Google;Google Pixel 6 Pro;7290000